{
  "train_loss": [
    0.6902242552898729,
    0.6821797456582794,
    0.6730657049152248,
    0.6686952937289578,
    0.6646291772118005
  ],
  "val_loss": [
    0.6837959341380907,
    0.6785038503844415,
    0.6729469526454311,
    0.6712379626300938,
    0.6648952592059475
  ],
  "train_acc": [
    0.52784,
    0.56228,
    0.58188,
    0.58844,
    0.59508
  ],
  "val_acc": [
    0.55064,
    0.57316,
    0.58828,
    0.58792,
    0.59932
  ],
  "train_f1": [
    0.5248369696481342,
    0.5559748427672505,
    0.5824311908280604,
    0.5914956128160883,
    0.5890138443424474
  ],
  "val_f1": [
    0.46738099753456597,
    0.6338148999690721,
    0.6029701060751704,
    0.6302225412777724,
    0.5843740923612643
  ]
}